design_id,oracle,dna_aligned_ca_rmsd,protein_only_ca_rmsd,iptm,protein_dna_hbonds,major_groove_hbonds,n_ca_matched,error,runtime_s,gpu
ori1_ori1_0_3_s1,rf3,32.452,8.583,0.43899258971214294,28,0,123,,,
ori1_ori1_0_3_s2,rf3,38.959,16.309,0.30695483088493347,15,1,123,,,
ori1_ori1_0_3_s3,rf3,30.487,7.676,0.399897038936615,17,0,123,,,
ori1_ori1_0_3_s4,rf3,34.247,7.654,0.4622138440608978,20,0,123,,,
ori1_ori1_0_3_s5,rf3,34.564,13.453,0.3570171594619751,24,0,123,,,
ori1_ori1_0_1_s1,rf3,23.67,4.355,0.6243591904640198,28,1,123,,,
ori1_ori1_0_1_s2,rf3,38.818,2.734,0.5792424082756042,12,0,123,,,
ori1_ori1_0_1_s3,rf3,37.996,3.205,0.589893639087677,14,4,123,,,
ori1_ori1_0_1_s4,rf3,34.667,6.723,0.58535236120224,8,0,123,,,
ori1_ori1_0_1_s5,rf3,32.0,2.54,0.5652755498886108,26,1,123,,,
ori2_ori2_0_0_s1,rf3,38.578,14.008,0.3358115553855896,27,13,126,,,
ori2_ori2_0_0_s2,rf3,26.574,16.456,0.2993415892124176,18,0,126,,,
ori2_ori2_0_0_s3,rf3,18.621,9.83,0.3629770874977112,30,13,126,,,
ori2_ori2_0_0_s4,rf3,37.684,7.298,0.45188629627227783,10,0,126,,,
ori2_ori2_0_0_s5,rf3,24.968,15.8,0.4040002226829529,18,7,126,,,
ori2_ori2_0_2_s1,rf3,40.642,7.76,0.657710075378418,12,1,126,,,
ori2_ori2_0_2_s2,rf3,36.898,7.927,0.5127931237220764,23,0,126,,,
ori2_ori2_0_2_s3,rf3,39.127,9.573,0.4824770390987396,18,5,126,,,
ori2_ori2_0_2_s4,rf3,35.004,2.4,0.544745147228241,31,0,126,,,
ori2_ori2_0_2_s5,rf3,38.389,8.811,0.5202575922012329,26,6,126,,,
ori1_ori1_0_0_s1,rf3,35.984,2.478,0.7063971757888794,26,0,123,,,
ori1_ori1_0_0_s2,rf3,35.723,2.553,0.6299103498458862,25,1,123,,,
ori1_ori1_0_0_s3,rf3,35.405,7.438,0.5295677781105042,37,4,123,,,
ori1_ori1_0_0_s4,rf3,30.979,3.528,0.6066657900810242,26,0,123,,,
ori1_ori1_0_0_s5,rf3,36.547,3.008,0.7068650126457214,29,6,123,,,
ori2_ori2_0_4_s1,rf3,4.533,2.6,0.58782559633255,14,2,126,,,
ori2_ori2_0_4_s2,rf3,10.737,2.305,0.5825722813606262,17,1,126,,,
ori2_ori2_0_4_s3,rf3,34.387,5.5,0.40709400177001953,26,2,126,,,
ori2_ori2_0_4_s4,rf3,29.693,4.252,0.4167817234992981,17,3,126,,,
ori2_ori2_0_4_s5,rf3,36.824,3.081,0.5311527252197266,15,1,126,,,
ori2_ori2_0_1_s1,rf3,54.849,7.547,0.49862197041511536,27,9,126,,,
ori2_ori2_0_1_s2,rf3,15.485,6.574,0.5869323015213013,27,4,126,,,
ori2_ori2_0_1_s3,rf3,32.196,7.684,0.5944281220436096,38,9,126,,,
ori2_ori2_0_1_s4,rf3,32.466,9.398,0.570623517036438,27,6,126,,,
ori2_ori2_0_1_s5,rf3,15.904,7.224,0.5626932978630066,24,5,126,,,
ori1_ori1_0_4_s1,rf3,31.162,17.517,0.5174228549003601,8,0,123,,,
ori1_ori1_0_4_s2,rf3,32.345,2.553,0.7182365655899048,23,2,123,,,
ori1_ori1_0_4_s3,rf3,26.351,19.986,0.5153732895851135,13,1,123,,,
ori1_ori1_0_4_s4,rf3,26.064,1.564,0.7255418300628662,13,3,123,,,
ori1_ori1_0_4_s5,rf3,40.86,21.354,0.5811372399330139,6,2,123,,,
ori1_ori1_0_2_s1,rf3,30.771,16.579,0.2859776020050049,14,1,123,,,
ori1_ori1_0_2_s2,rf3,28.117,15.25,0.2878994345664978,18,5,123,,,
ori1_ori1_0_2_s3,rf3,33.31,6.771,0.5309789776802063,22,4,123,,,
ori1_ori1_0_2_s4,rf3,30.134,16.361,0.3012724816799164,37,12,123,,,
ori1_ori1_0_2_s5,rf3,41.003,7.191,0.3626854121685028,28,5,123,,,
ori2_ori2_0_3_s1,rf3,29.718,11.782,0.6265990734100342,49,8,126,,,
ori2_ori2_0_3_s2,rf3,27.829,13.801,0.4830712378025055,39,4,126,,,
ori2_ori2_0_3_s3,rf3,32.06,7.264,0.46281668543815613,28,1,126,,,
ori2_ori2_0_3_s4,rf3,28.203,5.527,0.5988633036613464,34,1,126,,,
ori2_ori2_0_3_s5,rf3,26.053,8.158,0.7124358415603638,57,13,126,,,
