design_id,oracle,dna_aligned_ca_rmsd,protein_only_ca_rmsd,iptm,min_pae,protein_dna_hbonds,major_groove_hbonds,n_ca_matched,error,runtime_s,gpu
p25fix_ori1_p25fix_ori1_1_model_2_s1,rf3,33.352,4.328,0.7228103876113892,3.03,19,3,126,,,
p25fix_ori2_p25fix_ori2_1_model_4_s1,rf3,28.137,12.629,0.45076778531074524,7.86,11,0,124,,,
p25fix_ori1_p25fix_ori1_0_model_2_s1,rf3,16.977,7.402,0.7118695974349976,3.11,55,9,125,,,
p25fix_ori2_p25fix_ori2_0_model_0_s1,rf3,21.332,5.291,0.515447735786438,7.13,20,5,121,,,
p25fix_ori2_p25fix_ori2_0_model_4_s1,rf3,23.612,9.725,0.5242292284965515,6.16,21,2,121,,,
p25fix_ori1_p25fix_ori1_0_model_4_s1,rf3,36.134,6.883,0.3911064863204956,9.24,11,1,125,,,
p25fix_ori1_p25fix_ori1_1_model_1_s1,rf3,48.49,15.708,0.38657817244529724,7.55,25,0,126,,,
p25fix_ori2_p25fix_ori2_1_model_3_s1,rf3,25.155,5.376,0.6189786791801453,4.87,23,0,124,,,
p25fix_ori1_p25fix_ori1_1_model_3_s1,rf3,18.204,3.033,0.7227506041526794,2.99,31,6,126,,,
p25fix_ori1_p25fix_ori1_1_model_4_s1,rf3,73.949,19.918,0.5987386107444763,5.2,13,2,126,,,
p25fix_ori2_p25fix_ori2_0_model_1_s1,rf3,31.598,4.402,0.6010084748268127,4.87,34,5,121,,,
p25fix_ori1_p25fix_ori1_0_model_0_s1,rf3,39.145,4.514,0.48926103115081787,7.07,23,8,125,,,
p25fix_ori2_p25fix_ori2_1_model_2_s1,rf3,16.307,5.846,0.4953339397907257,6.68,18,2,124,,,
p25fix_ori1_p25fix_ori1_1_model_0_s1,rf3,37.12,2.637,0.4436340630054474,8.02,30,1,126,,,
p25fix_ori1_p25fix_ori1_0_model_1_s1,rf3,23.424,8.583,0.547065794467926,5.94,11,0,125,,,
p25fix_ori2_p25fix_ori2_0_model_2_s1,rf3,36.32,17.524,0.3503642678260803,10.6,17,0,121,,,
p25fix_ori2_p25fix_ori2_1_model_1_s1,rf3,35.023,5.353,0.6202598214149475,4.63,28,7,124,,,
p25fix_ori1_p25fix_ori1_0_model_3_s1,rf3,34.359,2.589,0.6426396369934082,4.4,19,0,125,,,
p25fix_ori2_p25fix_ori2_1_model_0_s1,rf3,34.858,12.753,0.3380511999130249,10.89,17,5,124,,,
p25fix_ori2_p25fix_ori2_0_model_3_s1,rf3,26.914,11.493,0.36861297488212585,9.81,9,0,121,,,
